<?xml version="1.0"?>
<!DOCTYPE beans PUBLIC
    "-//SPRING//DTD BEAN//EN"
    "http://www.springframework.org/dtd/spring-beans.dtd">
<beans>

  <bean id="messageSource"
        class="org.springframework.context.support.ResourceBundleMessageSource">
    <property name="basenames">
      <list>
        <value>messages</value>
      </list>
    </property>
  </bean>
  
  <bean id="handlerMapping"
    class="org.springframework.web.servlet.handler.BeanNameUrlHandlerMapping">
    <property name="interceptors">
      <list>
        <bean
          class="com.apress.expertspringmvc.flight.web.DateInsertionInterceptor" />
      </list>
    </property>
  </bean>

  <bean name="/home"
    class="com.apress.expertspringmvc.flight.web.HomeController">
    <property name="flightService" ref="flightService" />
  </bean>

  <bean name="/search"
    class="com.apress.expertspringmvc.flight.web.SearchFlightsController">
    <property name="flightService" ref="flightService" />
  </bean>
  
  <bean name="/cancelAccount" singleton="false"
    class="com.apress.expertspringmvc.flight.web.CancelAccountController">
    <property name="accountService" ref="accountService" />
  </bean>
  
  <bean name="/account/*"
    class="com.apress.expertspringmvc.flight.web.ViewAccountController">
    <property name="accountService" ref="accountService" />
  </bean>
  
  <bean name="/createAccount"
    class="com.apress.expertspringmvc.flight.web.CreateAccountWizardController">
    <property name="accountService" ref="accountService" />
  </bean>

  <bean id="viewResolver"
    class="org.springframework.web.servlet.view.InternalResourceViewResolver">
    <property name="prefix" value="/WEB-INF/jsp/" />
    <property name="suffix" value=".jsp"/>
  </bean>
	
</beans>